{
  "run_count": 13,
  "averages": {
    "action_seq_f1": 0.001349527665317139,
    "action_bag_f1": 0.001349527665317139,
    "canonical_seq_f1": 0.14019353887346017,
    "canonical_bag_f1": 0.14661398647037835,
    "package_bag_f1": 0.16841891467457376,
    "package_family_f1": 0.22260721020892718,
    "salient_family_f1": 0.2004067702031503,
    "edge_f1": 0.0,
    "canonical_edge_f1": 0.041810289301928094,
    "worfbench_node_f1": 0.0015698587127158557,
    "worfbench_edge_f1": 0.6482671581179298
  },
  "rows": [
    {
      "case_id": "03_0131_currency-rate---oanda",
      "run_id": "runner_v2_batch_20260716_13pdfs__01_0131_currency-rate---oanda",
      "gold_actions": 45,
      "pred_actions": 16,
      "action_seq_f1": 0.0,
      "action_bag_f1": 0.0,
      "canonical_seq_f1": 0.06557377049180328,
      "canonical_bag_f1": 0.06557377049180328,
      "package_bag_f1": 0.06557377049180328,
      "package_family_f1": 0.1639344262295082,
      "salient_family_f1": 0.11764705882352941,
      "edge_f1": 0.0,
      "canonical_edge_f1": 0.0,
      "worfbench_node_f1": 0.0,
      "worfbench_edge_f1": 0.5423728813559321,
      "report": "scripts\\goldset\\evaluation\\reports\\runner_v2_batch_20260716_13pdfs__01_0131_currency-rate---oanda\\03_0131_currency-rate---oanda\\evaluation.json"
    },
    {
      "case_id": "08_0137_sendemailusingsmtp-demo",
      "run_id": "runner_v2_batch_20260716_13pdfs__02_0137_sendemailusingsmtp-demo",
      "gold_actions": 3,
      "pred_actions": 3,
      "action_seq_f1": 0.0,
      "action_bag_f1": 0.0,
      "canonical_seq_f1": 0.0,
      "canonical_bag_f1": 0.0,
      "package_bag_f1": 0.0,
      "package_family_f1": 0.0,
      "salient_family_f1": 0.0,
      "edge_f1": 0.0,
      "canonical_edge_f1": 0.0,
      "worfbench_node_f1": 0.0,
      "worfbench_edge_f1": 1.0,
      "report": "scripts\\goldset\\evaluation\\reports\\runner_v2_batch_20260716_13pdfs__02_0137_sendemailusingsmtp-demo\\08_0137_sendemailusingsmtp-demo\\evaluation.json"
    },
    {
      "case_id": "11_0167_outlook-email-notifier",
      "run_id": "runner_v2_batch_20260716_probe03__01_0167_outlook-email-notifier",
      "gold_actions": 24,
      "pred_actions": 13,
      "action_seq_f1": 0.0,
      "action_bag_f1": 0.0,
      "canonical_seq_f1": 0.16216216216216217,
      "canonical_bag_f1": 0.21621621621621623,
      "package_bag_f1": 0.10810810810810811,
      "package_family_f1": 0.32432432432432434,
      "salient_family_f1": 0.4444444444444444,
      "edge_f1": 0.0,
      "canonical_edge_f1": 0.0,
      "worfbench_node_f1": 0.0,
      "worfbench_edge_f1": 0.6842105263157894,
      "report": "scripts\\goldset\\evaluation\\reports\\runner_v2_batch_20260716_probe03__01_0167_outlook-email-notifier\\11_0167_outlook-email-notifier\\evaluation.json"
    },
    {
      "case_id": "04_0176_global-exchange-currency-rate",
      "run_id": "runner_v2_batch_20260716_13pdfs_resume04__01_0176_global-exchange-currency-rate",
      "gold_actions": 24,
      "pred_actions": 13,
      "action_seq_f1": 0.0,
      "action_bag_f1": 0.0,
      "canonical_seq_f1": 0.2702702702702703,
      "canonical_bag_f1": 0.2702702702702703,
      "package_bag_f1": 0.2702702702702703,
      "package_family_f1": 0.3783783783783784,
      "salient_family_f1": 0.14285714285714288,
      "edge_f1": 0.0,
      "canonical_edge_f1": 0.05128205128205128,
      "worfbench_node_f1": 0.0,
      "worfbench_edge_f1": 0.6842105263157894,
      "report": "scripts\\goldset\\evaluation\\reports\\runner_v2_batch_20260716_13pdfs_resume04__01_0176_global-exchange-currency-rate\\04_0176_global-exchange-currency-rate\\evaluation.json"
    },
    {
      "case_id": "06_0224_extracttablesfrompdftocsv",
      "run_id": "runner_v2_batch_20260716_13pdfs_resume04__02_0224_extracttablesfrompdftocsv",
      "gold_actions": 10,
      "pred_actions": 6,
      "action_seq_f1": 0.0,
      "action_bag_f1": 0.0,
      "canonical_seq_f1": 0.25,
      "canonical_bag_f1": 0.25,
      "package_bag_f1": 0.25,
      "package_family_f1": 0.25,
      "salient_family_f1": 0.30769230769230765,
      "edge_f1": 0.0,
      "canonical_edge_f1": 0.1111111111111111,
      "worfbench_node_f1": 0.0,
      "worfbench_edge_f1": 0.6666666666666665,
      "report": "scripts\\goldset\\evaluation\\reports\\runner_v2_batch_20260716_13pdfs_resume04__02_0224_extracttablesfrompdftocsv\\06_0224_extracttablesfrompdftocsv\\evaluation.json"
    },
    {
      "case_id": "07_0225_extracttablefromwordtocsv",
      "run_id": "runner_v2_batch_20260716_13pdfs_resume04__03_0225_extracttablefromwordtocsv",
      "gold_actions": 10,
      "pred_actions": 9,
      "action_seq_f1": 0.0,
      "action_bag_f1": 0.0,
      "canonical_seq_f1": 0.2105263157894737,
      "canonical_bag_f1": 0.2105263157894737,
      "package_bag_f1": 0.2105263157894737,
      "package_family_f1": 0.2105263157894737,
      "salient_family_f1": 0.25,
      "edge_f1": 0.0,
      "canonical_edge_f1": 0.09523809523809525,
      "worfbench_node_f1": 0.0,
      "worfbench_edge_f1": 0.8571428571428572,
      "report": "scripts\\goldset\\evaluation\\reports\\runner_v2_batch_20260716_13pdfs_resume04__03_0225_extracttablefromwordtocsv\\07_0225_extracttablefromwordtocsv\\evaluation.json"
    },
    {
      "case_id": "09_0245_merge-multiple-csv-files",
      "run_id": "runner_v2_batch_20260716_13pdfs_resume04__04_0245_merge-multiple-csv-files",
      "gold_actions": 29,
      "pred_actions": 7,
      "action_seq_f1": 0.0,
      "action_bag_f1": 0.0,
      "canonical_seq_f1": 0.05555555555555555,
      "canonical_bag_f1": 0.05555555555555555,
      "package_bag_f1": 0.1111111111111111,
      "package_family_f1": 0.1111111111111111,
      "salient_family_f1": 0.0,
      "edge_f1": 0.0,
      "canonical_edge_f1": 0.0,
      "worfbench_node_f1": 0.0,
      "worfbench_edge_f1": 0.43750000000000006,
      "report": "scripts\\goldset\\evaluation\\reports\\runner_v2_batch_20260716_13pdfs_resume04__04_0245_merge-multiple-csv-files\\09_0245_merge-multiple-csv-files\\evaluation.json"
    },
    {
      "case_id": "10_0302_a2019-get-current-exchange-rate",
      "run_id": "runner_v2_batch_20260716_13pdfs_resume04__05_0302_a2019-get-current-exchange-rate",
      "gold_actions": 18,
      "pred_actions": 13,
      "action_seq_f1": 0.0,
      "action_bag_f1": 0.0,
      "canonical_seq_f1": 0.3870967741935484,
      "canonical_bag_f1": 0.3870967741935484,
      "package_bag_f1": 0.5161290322580646,
      "package_family_f1": 0.5161290322580646,
      "salient_family_f1": 0.5,
      "edge_f1": 0.0,
      "canonical_edge_f1": 0.24242424242424243,
      "worfbench_node_f1": 0.0,
      "worfbench_edge_f1": 0.8387096774193549,
      "report": "scripts\\goldset\\evaluation\\reports\\runner_v2_batch_20260716_13pdfs_resume04__05_0302_a2019-get-current-exchange-rate\\10_0302_a2019-get-current-exchange-rate\\evaluation.json"
    },
    {
      "case_id": "12_0338_lettergenerationbot",
      "run_id": "runner_v2_batch_20260716_13pdfs_resume04__06_0338_lettergenerationbot",
      "gold_actions": 98,
      "pred_actions": 16,
      "action_seq_f1": 0.017543859649122806,
      "action_bag_f1": 0.017543859649122806,
      "canonical_seq_f1": 0.07017543859649122,
      "canonical_bag_f1": 0.07017543859649122,
      "package_bag_f1": 0.07017543859649122,
      "package_family_f1": 0.07017543859649122,
      "salient_family_f1": 0.11764705882352941,
      "edge_f1": 0.0,
      "canonical_edge_f1": 0.0,
      "worfbench_node_f1": 0.020408163265306124,
      "worfbench_edge_f1": 0.32,
      "report": "scripts\\goldset\\evaluation\\reports\\runner_v2_batch_20260716_13pdfs_resume04__06_0338_lettergenerationbot\\12_0338_lettergenerationbot\\evaluation.json"
    },
    {
      "case_id": "01_0374_createprojectinjirausingapi",
      "run_id": "runner_v2_batch_20260716_13pdfs_resume04__07_0374_createprojectinjirausingapi",
      "gold_actions": 17,
      "pred_actions": 12,
      "action_seq_f1": 0.0,
      "action_bag_f1": 0.0,