{
  "averages": {
    "common_cases": 12,
    "v1_canonical_bag_avg": 0.015081369248035914,
    "v2_canonical_bag_avg": 0.15298386545986895,
    "v1_package_family_avg": 0.11599969021537648,
    "v2_package_family_avg": 0.23530985784329686,
    "v1_worfbench_edge_avg": 0.4708869546208075,
    "v2_worfbench_edge_avg": 0.6756227546277572
  },
  "rows": [
    {
      "case_id": "03_0131_currency-rate---oanda",
      "v1_pred_actions": 9,
      "v2_pred_actions": 16,
      "v1_canonical_bag_f1": 0.0,
      "v2_canonical_bag_f1": 0.06557377049180328,
      "delta_bag_v1_minus_v2": -0.06557377049180328,
      "v1_package_family_f1": 0.14814814814814814,
      "v2_package_family_f1": 0.1639344262295082,
      "delta_family_v1_minus_v2": -0.015786278081360072,
      "v1_worfbench_edge_f1": 0.3461538461538461,
      "v2_worfbench_edge_f1": 0.5423728813559321,
      "delta_edge_v1_minus_v2": -0.196219035202086,
      "note": "turnAnalyze fallback"
    },
    {
      "case_id": "08_0137_sendemailusingsmtp-demo",
      "v1_pred_actions": 7,
      "v2_pred_actions": 3,
      "v1_canonical_bag_f1": 0.0,
      "v2_canonical_bag_f1": 0.0,
      "delta_bag_v1_minus_v2": 0.0,
      "v1_package_family_f1": 0.0,
      "v2_package_family_f1": 0.0,
      "delta_family_v1_minus_v2": 0.0,
      "v1_worfbench_edge_f1": 0.5,
      "v2_worfbench_edge_f1": 1.0,
      "delta_edge_v1_minus_v2": -0.5,
      "note": ""
    },
    {
      "case_id": "11_0167_outlook-email-notifier",
      "v1_pred_actions": 8,
      "v2_pred_actions": 13,
      "v1_canonical_bag_f1": 0.0,
      "v2_canonical_bag_f1": 0.21621621621621623,
      "delta_bag_v1_minus_v2": -0.21621621621621623,
      "v1_package_family_f1": 0.25,
      "v2_package_family_f1": 0.32432432432432434,
      "delta_family_v1_minus_v2": -0.07432432432432434,
      "v1_worfbench_edge_f1": 0.48484848484848486,
      "v2_worfbench_edge_f1": 0.6842105263157894,
      "delta_edge_v1_minus_v2": -0.19936204146730452,
      "note": ""
    },
    {
      "case_id": "04_0176_global-exchange-currency-rate",
      "v1_pred_actions": 9,
      "v2_pred_actions": 13,
      "v1_canonical_bag_f1": 0.0,
      "v2_canonical_bag_f1": 0.2702702702702703,
      "delta_bag_v1_minus_v2": -0.2702702702702703,
      "v1_package_family_f1": 0.18181818181818182,
      "v2_package_family_f1": 0.3783783783783784,
      "delta_family_v1_minus_v2": -0.19656019656019658,
      "v1_worfbench_edge_f1": 0.5294117647058825,
      "v2_worfbench_edge_f1": 0.6842105263157894,
      "delta_edge_v1_minus_v2": -0.1547987616099069,
      "note": ""
    },
    {
      "case_id": "06_0224_extracttablesfrompdftocsv",
      "v1_pred_actions": 5,
      "v2_pred_actions": 6,
      "v1_canonical_bag_f1": 0.0,
      "v2_canonical_bag_f1": 0.25,
      "delta_bag_v1_minus_v2": -0.25,
      "v1_package_family_f1": 0.0,
      "v2_package_family_f1": 0.25,
      "delta_family_v1_minus_v2": -0.25,
      "v1_worfbench_edge_f1": 0.5882352941176471,
      "v2_worfbench_edge_f1": 0.6666666666666665,
      "delta_edge_v1_minus_v2": -0.07843137254901944,
      "note": ""
    },
    {
      "case_id": "07_0225_extracttablefromwordtocsv",
      "v1_pred_actions": 6,
      "v2_pred_actions": 9,
      "v1_canonical_bag_f1": 0.0,
      "v2_canonical_bag_f1": 0.2105263157894737,
      "delta_bag_v1_minus_v2": -0.2105263157894737,
      "v1_package_family_f1": 0.0,
      "v2_package_family_f1": 0.2105263157894737,
      "delta_family_v1_minus_v2": -0.2105263157894737,
      "v1_worfbench_edge_f1": 0.6666666666666665,
      "v2_worfbench_edge_f1": 0.8571428571428572,
      "delta_edge_v1_minus_v2": -0.1904761904761907,
      "note": ""
    },
    {
      "case_id": "09_0245_merge-multiple-csv-files",
      "v1_pred_actions": 4,
      "v2_pred_actions": 7,
      "v1_canonical_bag_f1": 0.0606060606060606,
      "v2_canonical_bag_f1": 0.05555555555555555,
      "delta_bag_v1_minus_v2": 0.005050505050505048,
      "v1_package_family_f1": 0.1212121212121212,
      "v2_package_family_f1": 0.1111111111111111,
      "delta_family_v1_minus_v2": 0.010101010101010097,
      "v1_worfbench_edge_f1": 0.27586206896551724,
      "v2_worfbench_edge_f1": 0.43750000000000006,
      "delta_edge_v1_minus_v2": -0.16163793103448282,
      "note": ""
    },
    {
      "case_id": "10_0302_a2019-get-current-exchange-rate",
      "v1_pred_actions": 6,
      "v2_pred_actions": 13,
      "v1_canonical_bag_f1": 0.08333333333333333,
      "v2_canonical_bag_f1": 0.3870967741935484,
      "delta_bag_v1_minus_v2": -0.30376344086021506,
      "v1_package_family_f1": 0.25,
      "v2_package_family_f1": 0.5161290322580646,
      "delta_family_v1_minus_v2": -0.2661290322580646,
      "v1_worfbench_edge_f1": 0.5,
      "v2_worfbench_edge_f1": 0.8387096774193549,
      "delta_edge_v1_minus_v2": -0.33870967741935487,
      "note": ""
    },
    {
      "case_id": "01_0374_createprojectinjirausingapi",
      "v1_pred_actions": 8,
      "v2_pred_actions": 12,
      "v1_canonical_bag_f1": 0.0,
      "v2_canonical_bag_f1": 0.13793103448275862,
      "delta_bag_v1_minus_v2": -0.13793103448275862,
      "v1_package_family_f1": 0.07999999999999999,
      "v2_package_family_f1": 0.41379310344827586,
      "delta_family_v1_minus_v2": -0.33379310344827584,
      "v1_worfbench_edge_f1": 0.64,
      "v2_worfbench_edge_f1": 0.8275862068965517,
      "delta_edge_v1_minus_v2": -0.1875862068965517,
      "note": ""
    },
    {
      "case_id": "05_0393_a2019-twilio-integration",
      "v1_pred_actions": 7,
      "v2_pred_actions": 16,
      "v1_canonical_bag_f1": 0.037037037037037035,
      "v2_canonical_bag_f1": 0.06349206349206349,
      "delta_bag_v1_minus_v2": -0.026455026455026454,
      "v1_package_family_f1": 0.14814814814814814,
      "v2_package_family_f1": 0.15873015873015872,
      "delta_family_v1_minus_v2": -0.010582010582010581,
      "v1_worfbench_edge_f1": 0.28571428571428575,
      "v2_worfbench_edge_f1": 0.5517241379310345,
      "delta_edge_v1_minus_v2": -0.2660098522167487,
      "note": ""
    },
    {
      "case_id": "13_0410_a2019-invoicely-assistant",
      "v1_pred_actions": 8,
      "v2_pred_actions": 13,
      "v1_canonical_bag_f1": 0.0,
      "v2_canonical_bag_f1": 0.09090909090909091,
      "delta_bag_v1_minus_v2": -0.09090909090909091,
      "v1_package_family_f1": 0.15384615384615383,
      "v2_package_family_f1": 0.09090909090909091,
      "delta_family_v1_minus_v2": 0.06293706293706292,
      "v1_worfbench_edge_f1": 0.42105263157894735,
      "v2_worfbench_edge_f1": 0.6046511627906977,
      "delta_edge_v1_minus_v2": -0.1835985312117504,
      "note": ""
    },
    {
      "case_id": "02_0419_sendbulkemailswithtemplate",
      "v1_pred_actions": 13,
      "v2_pred_actions": 13,
      "v1_canonical_bag_f1": 0.0,
      "v2_canonical_bag_f1": 0.08823529411764705,
      "delta_bag_v1_minus_v2": -0.08823529411764705,
      "v1_package_family_f1": 0.0588235294117647,
      "v2_package_family_f1": 0.20588235294117643,
      "delta_family_v1_minus_v2": -0.14705882352941174,
      "v1_worfbench_edge_f1": 0.4126984126984127,
      "v2_worfbench_edge_f1": 0.4126984126984127,
      "delta_edge_v1_minus_v2": 0.0,
      "note": ""
    }
  ]
}