{
  "precision": 0.9105555555555557,
  "recall": 0.8933333333333334,
  "f1_score": 0.9010774410774413
}
